Image,target
508.jpg,odissi
246.jpg,kathakali
473.jpg,odissi
485.jpg,odissi
128.jpg,kathak
410.jpg,kuchipudi
465.jpg,kuchipudi
196.jpg,sattriya
340.jpg,odissi
467.jpg,odissi
306.jpg,sattriya
171.jpg,bharatanatyam
323.jpg,sattriya
332.jpg,mohiniyattam
330.jpg,sattriya
170.jpg,bharatanatyam
479.jpg,odissi
9.jpg,manipuri
283.jpg,mohiniyattam
114.jpg,odissi
507.jpg,bharatanatyam
183.jpg,mohiniyattam
200.jpg,kathakali
457.jpg,kuchipudi
264.jpg,mohiniyattam
194.jpg,kathakali
518.jpg,kathakali
175.jpg,bharatanatyam
64.jpg,kuchipudi
152.jpg,kathak
270.jpg,kathakali
125.jpg,odissi
38.jpg,manipuri
440.jpg,odissi
302.jpg,mohiniyattam
394.jpg,manipuri
448.jpg,odissi
463.jpg,odissi
20.jpg,manipuri
301.jpg,kathakali
28.jpg,sattriya
61.jpg,sattriya
398.jpg,odissi
349.jpg,manipuri
271.jpg,mohiniyattam
286.jpg,mohiniyattam
431.jpg,mohiniyattam
316.jpg,sattriya
224.jpg,kathakali
411.jpg,bharatanatyam
278.jpg,mohiniyattam
456.jpg,sattriya
45.jpg,kathak
324.jpg,odissi
6.jpg,manipuri
59.jpg,kathak
86.jpg,kathakali
470.jpg,odissi
374.jpg,kathak
132.jpg,kathak
216.jpg,mohiniyattam
95.jpg,sattriya
17.jpg,kathak
162.jpg,bharatanatyam
346.jpg,bharatanatyam
439.jpg,kuchipudi
232.jpg,kathakali
150.jpg,sattriya
401.jpg,odissi
145.jpg,bharatanatyam
23.jpg,bharatanatyam
514.jpg,kuchipudi
193.jpg,kathakali
416.jpg,odissi
447.jpg,kuchipudi
220.jpg,kathakali
505.jpg,manipuri
147.jpg,odissi
210.jpg,kathakali
40.jpg,kuchipudi
284.jpg,kuchipudi
55.jpg,kuchipudi
378.jpg,odissi
520.jpg,odissi
484.jpg,bharatanatyam
112.jpg,kuchipudi
360.jpg,mohiniyattam
317.jpg,kuchipudi
71.jpg,manipuri
202.jpg,kathakali
92.jpg,manipuri
11.jpg,bharatanatyam
67.jpg,odissi
138.jpg,odissi
506.jpg,manipuri
146.jpg,kathak
318.jpg,odissi
198.jpg,kathakali
375.jpg,mohiniyattam
41.jpg,manipuri
421.jpg,kuchipudi
129.jpg,kathakali
14.jpg,odissi
460.jpg,odissi
34.jpg,kuchipudi
380.jpg,kuchipudi
238.jpg,kathakali
392.jpg,kuchipudi
80.jpg,manipuri
517.jpg,kathak
13.jpg,mohiniyattam
189.jpg,kathakali
390.jpg,kuchipudi
487.jpg,odissi
438.jpg,kuchipudi
482.jpg,odissi
206.jpg,mohiniyattam
217.jpg,kathakali
285.jpg,sattriya
385.jpg,kuchipudi
495.jpg,odissi
269.jpg,kathakali
429.jpg,odissi
291.jpg,mohiniyattam
461.jpg,odissi
256.jpg,manipuri
48.jpg,kathakali
290.jpg,sattriya
437.jpg,odissi
498.jpg,odissi
173.jpg,bharatanatyam
280.jpg,kathakali
119.jpg,bharatanatyam
363.jpg,kathakali
97.jpg,manipuri
414.jpg,manipuri
386.jpg,kuchipudi
424.jpg,manipuri
157.jpg,odissi
33.jpg,kathak
354.jpg,sattriya
57.jpg,odissi
108.jpg,manipuri
239.jpg,kathakali
441.jpg,kathak
215.jpg,kathakali
373.jpg,kathak
292.jpg,mohiniyattam
110.jpg,manipuri
510.jpg,odissi
275.jpg,kathakali
366.jpg,sattriya
226.jpg,kathakali
35.jpg,kathak
458.jpg,odissi
358.jpg,sattriya
